{"cameraMode":{"drawMode":0,"name":"Shaded","section":"Shading Mode"},"sceneLighting":true,"audioPlay":false,"sceneViewState":{"showFog":true,"showMaterialUpdate":false,"showSkybox":true,"showFlares":true,"showImageEffects":true,"showParticleSystems":true},"in2DMode":false,"pivot":{"x":5.088428974151611,"y":-0.23255586624145509,"z":11.911059379577637},"rotation":{"x":-0.16600942611694337,"y":-0.020396707579493524,"z":0.00343378190882504,"w":-0.985907256603241},"size":38.15293502807617,"orthographic":false}